<?xml version="1.0" encoding="UTF-8"?>
<metadata xml:lang="en"><Esri><CreaDate>20130919</CreaDate><CreaTime>14232300</CreaTime><SyncOnce>FALSE</SyncOnce><DataProperties><lineage><Process Name="Create Feature Class" ToolSource="C:\ESRI\ARCGIS\ArcToolbox\Toolboxes\Data Management Tools.tbx\CreateFeatureclass" Date="20061101" Time="202813">CreateFeatureclass C:\ESRI\AEJEE_XTRA\AEJEE23data\usa states # states_Layer SAME_AS_TEMPLATE SAME_AS_TEMPLATE "GEOGCS['GCS_North_American_1983',DATUM['D_North_American_1983',SPHEROID['GRS_1980',6378137.0,298.257222101]],PRIMEM['Greenwich',0.0],UNIT['Degree',0.0174532925199433]];-178.217598362366 18.921786345087 999999.999068677;0 100000;0 100000" # 0 0 0 C:\ESRI\AEJEE_XTRA\AEJEE23data\usa\states.shp</Process><Process Name="Append" ToolSource="C:\ESRI\ARCGIS\ArcToolbox\Toolboxes\Data Management Tools.tbx\Append" Date="20061101" Time="202813">Append states_Layer C:\ESRI\AEJEE_XTRA\AEJEE23data\usa\states.shp TEST C:\ESRI\AEJEE_XTRA\AEJEE23data\usa\states.shp</Process><Process Name="FeatureClassToFeatureClass_3" ToolSource="C:\ESRI\ARCGIS\ArcToolbox\Toolboxes\Conversion Tools.tbx\FeatureClassToFeatureClass" Date="20061101" Time="202814">FeatureClassToFeatureClass D:\usa\census\states.sdc\states C:\ESRI\AEJEE_XTRA\AEJEE23data\usa states # "STATE_NAME STATE_NAME VISIBLE;STATE_FIPS STATE_FIPS VISIBLE;SUB_REGION SUB_REGION VISIBLE;STATE_ABBR STATE_ABBR VISIBLE;POP2000 POP2000 VISIBLE;POP2005 POP2005 VISIBLE;POP00_SQMI POP00_SQMI VISIBLE;POP05_SQMI POP05_SQMI VISIBLE;WHITE WHITE VISIBLE;BLACK BLACK VISIBLE;AMERI_ES AMERI_ES VISIBLE;ASIAN ASIAN VISIBLE;HAWN_PI HAWN_PI VISIBLE;OTHER OTHER VISIBLE;MULT_RACE MULT_RACE VISIBLE;HISPANIC HISPANIC VISIBLE;MALES MALES VISIBLE;FEMALES FEMALES VISIBLE;AGE_UNDER5 AGE_UNDER5 VISIBLE;AGE_5_17 AGE_5_17 VISIBLE;AGE_18_21 AGE_18_21 VISIBLE;AGE_22_29 AGE_22_29 VISIBLE;AGE_30_39 AGE_30_39 VISIBLE;AGE_40_49 AGE_40_49 VISIBLE;AGE_50_64 AGE_50_64 VISIBLE;AGE_65_UP AGE_65_UP VISIBLE;MED_AGE MED_AGE VISIBLE;MED_AGE_M MED_AGE_M VISIBLE;MED_AGE_F MED_AGE_F VISIBLE;HOUSEHOLDS HOUSEHOLDS VISIBLE;AVE_HH_SZ AVE_HH_SZ VISIBLE;HSEHLD_1_M HSEHLD_1_M VISIBLE;HSEHLD_1_F HSEHLD_1_F VISIBLE;MARHH_CHD MARHH_CHD VISIBLE;MARHH_NO_C MARHH_NO_C VISIBLE;MHH_CHILD MHH_CHILD VISIBLE;FHH_CHILD FHH_CHILD VISIBLE;FAMILIES FAMILIES VISIBLE;AVE_FAM_SZ AVE_FAM_SZ VISIBLE;HSE_UNITS HSE_UNITS VISIBLE;VACANT VACANT VISIBLE;OWNER_OCC OWNER_OCC VISIBLE;RENTER_OCC RENTER_OCC VISIBLE;NO_FARMS97 NO_FARMS97 VISIBLE;AVG_SIZE97 AVG_SIZE97 VISIBLE;CROP_ACR97 CROP_ACR97 VISIBLE;AVG_SALE97 AVG_SALE97 VISIBLE;SQMI SQMI VISIBLE" SAME_AS_TEMPLATE SAME_AS_TEMPLATE # 0 C:\ESRI\AEJEE_XTRA\AEJEE23data\usa\states.shp</Process><Process ToolSource="c:\program files (x86)\arcgis\desktop10.1\ArcToolbox\Toolboxes\Data Management Tools.tbx\Dissolve" Date="20130919" Time="142216">Dissolve states C:\Users\jng2\Documents\ArcGIS\Default.gdb\states_regions2 subreg_id # MULTI_PART DISSOLVE_LINES</Process></lineage><itemProps><itemName Sync="TRUE">states_regions2</itemName><imsContentType Sync="TRUE">002</imsContentType><itemLocation><linkage Sync="TRUE">file://\\LIB-1920-V1\C$\Users\jng2\Documents\ArcGIS\Default.gdb</linkage><protocol Sync="TRUE">Local Area Network</protocol></itemLocation></itemProps><coordRef><type Sync="TRUE">Geographic</type><geogcsn Sync="TRUE">GCS_North_American_1983</geogcsn><csUnits Sync="TRUE">Angular Unit: Degree (0.017453)</csUnits><peXml Sync="TRUE">&lt;GeographicCoordinateSystem xsi:type='typens:GeographicCoordinateSystem' xmlns:xsi='http://www.w3.org/2001/XMLSchema-instance' xmlns:xs='http://www.w3.org/2001/XMLSchema' xmlns:typens='http://www.esri.com/schemas/ArcGIS/10.1'&gt;&lt;WKT&gt;GEOGCS[&amp;quot;GCS_North_American_1983&amp;quot;,DATUM[&amp;quot;D_North_American_1983&amp;quot;,SPHEROID[&amp;quot;GRS_1980&amp;quot;,6378137.0,298.257222101]],PRIMEM[&amp;quot;Greenwich&amp;quot;,0.0],UNIT[&amp;quot;Degree&amp;quot;,0.0174532925199433],AUTHORITY[&amp;quot;EPSG&amp;quot;,4269]]&lt;/WKT&gt;&lt;XOrigin&gt;-400&lt;/XOrigin&gt;&lt;YOrigin&gt;-400&lt;/YOrigin&gt;&lt;XYScale&gt;1111948722.2222221&lt;/XYScale&gt;&lt;ZOrigin&gt;-100000&lt;/ZOrigin&gt;&lt;ZScale&gt;10000&lt;/ZScale&gt;&lt;MOrigin&gt;-100000&lt;/MOrigin&gt;&lt;MScale&gt;10000&lt;/MScale&gt;&lt;XYTolerance&gt;8.9831528411952133e-009&lt;/XYTolerance&gt;&lt;ZTolerance&gt;0.001&lt;/ZTolerance&gt;&lt;MTolerance&gt;0.001&lt;/MTolerance&gt;&lt;HighPrecision&gt;true&lt;/HighPrecision&gt;&lt;LeftLongitude&gt;-180&lt;/LeftLongitude&gt;&lt;WKID&gt;4269&lt;/WKID&gt;&lt;LatestWKID&gt;4269&lt;/LatestWKID&gt;&lt;/GeographicCoordinateSystem&gt;</peXml></coordRef></DataProperties><SyncDate>20130919</SyncDate><SyncTime>14221600</SyncTime><ModDate>20130919</ModDate><ModTime>14221600</ModTime><ArcGISFormat>1.0</ArcGISFormat></Esri><dataIdInfo><envirDesc Sync="TRUE">Microsoft Windows 7 Version 6.1 (Build 7601) Service Pack 1; Esri ArcGIS 10.1.0.3035</envirDesc><dataLang><languageCode value="eng" Sync="TRUE"></languageCode><countryCode value="USA" Sync="TRUE"></countryCode></dataLang><idCitation><resTitle Sync="TRUE">states_regions2</resTitle><presForm><PresFormCd value="005" Sync="TRUE"></PresFormCd></presForm></idCitation><spatRpType><SpatRepTypCd value="001" Sync="TRUE"></SpatRepTypCd></spatRpType></dataIdInfo><mdLang><languageCode value="eng" Sync="TRUE"></languageCode><countryCode value="USA" Sync="TRUE"></countryCode></mdLang><distInfo><distFormat><formatName Sync="TRUE">File Geodatabase Feature Class</formatName></distFormat></distInfo><mdHrLv><ScopeCd value="005" Sync="TRUE"></ScopeCd></mdHrLv><mdHrLvName Sync="TRUE">dataset</mdHrLvName><refSysInfo><RefSystem><refSysID><identCode code="4269" Sync="TRUE"></identCode><idCodeSpace Sync="TRUE">EPSG</idCodeSpace><idVersion Sync="TRUE">7.9.4</idVersion></refSysID></RefSystem></refSysInfo><spatRepInfo><VectSpatRep><geometObjs Name="states_regions2"><geoObjTyp><GeoObjTypCd value="002" Sync="TRUE"></GeoObjTypCd></geoObjTyp><geoObjCnt Sync="TRUE">0</geoObjCnt></geometObjs><topLvl><TopoLevCd value="001" Sync="TRUE"></TopoLevCd></topLvl></VectSpatRep></spatRepInfo><spdoinfo><ptvctinf><esriterm Name="states_regions2"><efeatyp Sync="TRUE">Simple</efeatyp><efeageom code="4" Sync="TRUE"></efeageom><esritopo Sync="TRUE">FALSE</esritopo><efeacnt Sync="TRUE">0</efeacnt><spindex Sync="TRUE">TRUE</spindex><linrefer Sync="TRUE">FALSE</linrefer></esriterm></ptvctinf></spdoinfo><eainfo><detailed Name="states_regions2"><enttyp><enttypl Sync="TRUE">states_regions2</enttypl><enttypt Sync="TRUE">Feature Class</enttypt><enttypc Sync="TRUE">0</enttypc></enttyp><attr><attrlabl Sync="TRUE">OBJECTID</attrlabl><attalias Sync="TRUE">OBJECTID</attalias><attrtype Sync="TRUE">OID</attrtype><attwidth Sync="TRUE">4</attwidth><atprecis Sync="TRUE">0</atprecis><attscale Sync="TRUE">0</attscale><attrdef Sync="TRUE">Internal feature number.</attrdef><attrdefs Sync="TRUE">Esri</attrdefs><attrdomv><udom Sync="TRUE">Sequential unique whole numbers that are automatically generated.</udom></attrdomv></attr><attr><attrlabl Sync="TRUE">Shape</attrlabl><attalias Sync="TRUE">Shape</attalias><attrtype Sync="TRUE">Geometry</attrtype><attwidth Sync="TRUE">0</attwidth><atprecis Sync="TRUE">0</atprecis><attscale Sync="TRUE">0</attscale><attrdef Sync="TRUE">Feature geometry.</attrdef><attrdefs Sync="TRUE">Esri</attrdefs><attrdomv><udom Sync="TRUE">Coordinates defining the features.</udom></attrdomv></attr><attr><attrlabl Sync="TRUE">subreg_id</attrlabl><attalias Sync="TRUE">subreg_id</attalias><attrtype Sync="TRUE">SmallInteger</attrtype><attwidth Sync="TRUE">2</attwidth><atprecis Sync="TRUE">0</atprecis><attscale Sync="TRUE">0</attscale></attr><attr><attrlabl Sync="TRUE">Shape_Length</attrlabl><attalias Sync="TRUE">Shape_Length</attalias><attrtype Sync="TRUE">Double</attrtype><attwidth Sync="TRUE">8</attwidth><atprecis Sync="TRUE">0</atprecis><attscale Sync="TRUE">0</attscale><attrdef Sync="TRUE">Length of feature in internal units.</attrdef><attrdefs Sync="TRUE">Esri</attrdefs><attrdomv><udom Sync="TRUE">Positive real numbers that are automatically generated.</udom></attrdomv></attr><attr><attrlabl Sync="TRUE">Shape_Area</attrlabl><attalias Sync="TRUE">Shape_Area</attalias><attrtype Sync="TRUE">Double</attrtype><attwidth Sync="TRUE">8</attwidth><atprecis Sync="TRUE">0</atprecis><attscale Sync="TRUE">0</attscale><attrdef Sync="TRUE">Area of feature in internal units squared.</attrdef><attrdefs Sync="TRUE">Esri</attrdefs><attrdomv><udom Sync="TRUE">Positive real numbers that are automatically generated.</udom></attrdomv></attr></detailed></eainfo><mdDateSt Sync="TRUE">20130919</mdDateSt></metadata>
